rowid,T,OV,K,IQRD
1,3,5,1,"â‰¡ 02B9 Ê¹ modifier letter prime"
2,3,13,1,"â‰¡ 003B ; semicolon"
3,3,16,1,"â‰¡ 00A8  Ìˆ 0301 $Ì"
4,3,17,1,"â‰¡ 0391 Î‘ 0301 $Ì"
5,3,18,1,"â‰¡ 00B7 Â· middle dot"
6,3,19,1,"â‰¡ 0395 Î• 0301 $Ì"
7,3,20,1,"â‰¡ 0397 Î— 0301 $Ì"
8,3,21,1,"â‰¡ 0399 Î™ 0301 $Ì"
9,3,22,1,"â‰¡ 039F ÎŸ 0301 $Ì"
10,3,23,1,"â‰¡ 03A5 Î¥ 0301 $Ì"
11,3,24,1,"â‰¡ 03A9 Î© 0301 $Ì"
12,3,25,1,"â‰¡ 03CA ÏŠ 0301 $Ì"
13,3,50,1,"â‰¡ 0399 Î™ 0308 $Ìˆ"
14,3,51,1,"â‰¡ 03A5 Î¥ 0308 $Ìˆ"
15,3,52,1,"â‰¡ 03B1 Î± 0301 $Ì"
16,3,53,1,"â‰¡ 03B5 Îµ 0301 $Ì"
17,3,54,1,"â‰¡ 03B7 Î· 0301 $Ì"
18,3,55,1,"â‰¡ 03B9 Î¹ 0301 $Ì"
19,3,56,1,"â‰¡ 03CB Ï‹ 0301 $Ì"
20,3,82,1,"â‰¡ 03B9 Î¹ 0308 $Ìˆ"
21,3,83,1,"â‰¡ 03C5 Ï… 0308 $Ìˆ"
22,3,84,1,"â‰¡ 03BF Î¿ 0301 $Ì"
23,3,85,1,"â‰¡ 03C5 Ï… 0301 $Ì"
24,3,86,1,"â‰¡ 03C9 Ï‰ 0301 $Ì"
25,3,91,1,"â‰¡ 03D2 Î¥ 0301 $Ì"
26,3,92,1,"â‰¡ 03D2 Î¥ 0308 $Ìˆ"
27,5,8,2,"â†’ 05AE $Ö® hebrew accent zinor"
28,5,18,2,"â†’ 05AA $Öª hebrew accent yerah ben yomo"
29,5,26,2,"â†’ 05A2 $Ö¢ hebrew accent atnah hafukh"
30,5,30,2,"â†’ 0598 $Ö˜ hebrew accent zarqa"
31,5,40,2,"â†’ 05C7 $×‡ hebrew point qamats qatan"
32,5,47,2,"â†’ FB1E $ï¬ hebrew point judeo-spanish varika"
33,5,48,2,"â†’ 007C | vertical line"
34,5,51,2,"â†’ 003A : colon"
35,5,53,2,"â†’ 05B4 $Ö´ hebrew point hiriq"
36,5,54,2,"â†’ 05E0 ×  hebrew letter nun"
37,5,55,2,"â†’ 05B8 $Ö¸ hebrew point qamats"
38,5,56,2,"â†’ 2135 × alef symbol"
39,5,57,2,"â†’ 2136 ×‘ bet symbol"
40,5,58,2,"â†’ 2137 ×’ gimel symbol"
41,5,59,2,"â†’ 2138 ×“ dalet symbol"
42,5,87,2,"â†’ 0027 ' apostrophe"
43,5,88,2,"â†’ 0022 "" quotation mark"
44,3,1,2,"â†’ 2C75 â±µ latin capital letter half h"
45,3,2,2,"â†’ 2C76 â±¶ latin small letter half h"
46,3,5,2,"â†’ 02CA ËŠ modifier letter acute accent"
47,3,6,2,"â†’ 02CF Ë modifier letter low acute accent"
48,3,9,2,"â†’ 0345 $Í… combining greek ypogegrammeni"
49,3,13,2,"â†’ 003F ? question mark"
50,3,15,2,"â†’ 00B4  Ì acute accent"
51,3,15,2,"â†’ 030D $Ì combining vertical line above"
52,3,28,2,"â†’ 213E (Î“) double-struck capital gamma"
53,3,29,2,"â†’ 2206 âˆ† increment"
54,3,41,2,"â†’ 213F (Î ) double-struck capital pi"
55,3,41,2,"â†’ 220F âˆ n-ary product"
56,3,43,2,"â†’ 01A9 (Æ©) latin capital letter esh"
57,3,43,2,"â†’ 2211 âˆ‘ n-ary summation"
58,3,49,2,"â†’ 2126 (Î©) ohm sign"
59,3,49,2,"â†’ 2127 â„§ inverted ohm sign"
60,3,57,2,"â†’ 0251 É‘ latin small letter alpha"
61,3,57,2,"â†’ 221D âˆ proportional to"
62,3,58,2,"â†’ 00DF ÃŸ latin small letter sharp s"
63,3,58,2,"â†’ 0180 Æ€ latin small letter b with stroke"
64,3,58,2,"â†’ A7B5 êµ latin small letter beta"
65,3,59,2,"â†’ 0263 É£ latin small letter gamma"
66,3,59,2,"â†’ 213D (Î³) double-struck small gamma"
67,3,61,2,"â†’ 025B É› latin small letter open e"
68,3,64,2,"â†’ 0275 Éµ latin small letter barred o"
69,3,64,2,"â†’ 0473 Ñ³ cyrillic small letter fita"
70,3,65,2,"â†’ 0269 É© latin small letter iota"
71,3,65,2,"â†’ 2129 â„© turned greek small letter iota"
72,3,68,2,"â†’ 00B5 Î¼ micro sign"
73,3,74,2,"â†’ 03DB Ï› greek small letter stigma"
74,3,77,2,"â†’ 028A ÊŠ latin small letter upsilon"
75,3,77,2,"â†’ 028B Ê‹ latin small letter v with hook"
76,3,78,2,"â†’ 0278 É¸ latin small letter phi"
77,3,78,2,"â†’ 03D5 Ï† greek phi symbol"
78,3,79,2,"â†’ AB53 ê­“ latin small letter chi"
79,3,81,2,"â†’ A7B7 ê· latin small letter omega"
80,3,87,2,"â†’ 03D7 Ï— greek kai symbol"
81,3,95,2,"â†’ 2CE4 â³¤ coptic symbol kai"
82,3,98,2,"â†’ 2185 â†… roman numeral six late form"
83,3,99,2,"â†’ 03C2 Ï‚ greek small letter final sigma"
84,3,124,2,"â†’ 0472 Ñ² cyrillic capital letter fita"
85,3,125,2,"â†’ 220A âˆŠ small element of"
86,3,126,2,"â†’ 220D âˆ small contains as member"
87,5,1,3,"= atnah"
88,5,2,3,"= segolta"
89,5,6,3,"= tarha, me'ayla ~ mayla"
90,5,8,3,"= tsinorit, zinorit; tsinor, zinor"
91,5,12,3,"= teres"
92,5,15,3,"= pazer gadol"
93,5,17,3,"= pazer qatan"
94,5,21,3,"= yored"
95,5,24,3,"= azla"
96,5,26,3,"= galgal"
97,5,30,3,"= tsinor; zarqa"
98,5,44,3,"= shuruq"
99,5,45,3,"= siluq"
100,5,48,3,"= legarmeh"
101,5,78,3,"= zade"
102,5,84,3,"= tsvey vovn"
103,5,86,3,"= tsvey yudn"
104,3,5,3,"= Dexia keraia"
105,3,6,3,"= aristeri keraia"
106,3,9,3,"= iota subscript"
107,3,9,3,"â‰ˆ 0020 î€  0345 $Í…"
108,3,13,3,"= erotimatiko"
109,3,15,3,"â‰ˆ 0020 î€  0301 $Ì"
110,3,28,3,"= gamma function"
111,3,34,3,"= iota adscript"
112,3,67,3,"= lambda"
113,3,74,3,"= stigma (the Modern Greek name for this"
114,3,74,3,"= stigma (the Modern Greek name for this letterform)"
115,3,88,3,"= curled beta"
116,3,89,3,"= script theta"
117,3,89,3,"â‰ˆ 03B8 Î¸ greek small letter theta"
118,3,90,3,"â‰ˆ 03A5 Î¥ greek capital letter upsilon"
119,3,93,3,"â‰ˆ 03C6 Ï† greek small letter phi"
120,3,94,3,"â‰ˆ 03C0 Ï€ greek small letter pi"
121,3,120,3,"= script kappa"
122,3,120,3,"â‰ˆ 03BA Îº greek small letter kappa"
123,3,121,3,"= tailed rho"
124,3,121,3,"â‰ˆ 03C1 Ï greek small letter rho"
125,3,122,3,"= greek small letter lunate sigma (1.0)"
126,3,122,3,"â‰ˆ 03C2 Ï‚ greek small letter final sigma"
127,3,124,3,"â‰ˆ 0398 Î˜ greek capital letter theta"
128,3,125,3,"= straight epsilon"
129,3,125,3,"â‰ˆ 03B5 Îµ greek small letter epsilon"
130,3,126,3,"= reversed straight epsilon"
131,3,129,3,"â‰ˆ 03A3 Î£ greek capital letter sigma"
132,3,133,3,"= antisigma"
133,3,134,3,"= sigma periestigmenon"
134,3,135,3,"= antisigma periestigmenon"
135,5,8,4,"â€¢ This character is to be used when Zarqa or Tsinor are placed above, and also for Tsinorit."
136,5,30,4,"â€¢ This character is to be used when Zarqa or Tsinor are placed above left."
137,5,39,4,"â€¢ furtive patah is not a distinct character"
138,5,40,4,"â€¢ used generically or as qamats gadol in orthography which distinguishes that from qamats qatan"
139,5,44,4,"â€¢ falls within the base letter"
140,5,45,4,"â€¢ may be used as a Hebrew accent sof pasuq"
141,5,48,4,"â€¢ may be treated as spacing punctuation, not as a point"
142,5,51,4,"â€¢ may be used as a Hebrew punctuation colon"
143,5,53,4,"â€¢ punctum extraordinarium (Psalms 27:13)"
144,5,54,4,"â€¢ does not historically derive from the letter nun"
145,3,5,4,"â€¢ indicates numeric use of letters"
146,3,6,4,"â€¢ indicates numeric use of letters"
147,3,13,4,"â€¢ sentence-final punctuation"
148,3,13,4,"â€¢ 003B ; is the preferred character"
149,3,14,4,"â€¢ lowercase is 03F3 Ï³"
150,3,16,4,"â€¢ compatibility decomposition (NFKD) is 0020 î€  0308 $Ìˆ 0301 $Ì"
151,3,18,4,"â€¢ functions in Greek like a semicolon"
152,3,18,4,"â€¢ 00B7 Â· is the preferred character"
153,3,72,4,"â€¢ math constant 3.141592..."
154,3,74,4,"â€¢ not to be confused with the actual stigma letter"
155,3,75,4,"â€¢ used symbolically with a numeric value 200"
156,3,78,4,"â€¢ the ordinary Greek letter, showing considerable glyph variation"
157,3,78,4,"â€¢ in mathematical contexts, the loopy glyph is preferred, to contrast with 03D5 Ï†"
158,3,89,4,"â€¢ used as a technical symbol"
159,3,93,4,"â€¢ used as a technical symbol, with a stroked glyph"
160,3,93,4,"â€¢ maps to â€œphi1â€ symbol entities"
161,3,94,4,"â€¢ used as a technical symbol"
162,3,94,4,"â€¢ a variant of pi, looking like omega"
163,3,95,4,"â€¢ used as an ampersand"
164,3,97,4,"â€¢ the Q-shaped archaic koppas are the ordinary alphabetic letters and can also be used as symbols with a numeric value of 90 in classical and pre-classical texts"
165,3,98,4,"â€¢ apparently in origin a cursive form of digamma"
166,3,98,4,"â€¢ the name â€œstigmaâ€ originally applied to a medieval sigma-tau ligature, whose shape was confusably similar to the cursive digamma"
167,3,98,4,"â€¢ used as a symbol with a numeric value of 6"
168,3,101,4,"â€¢ used as a symbol with a numeric value of 6"
169,3,103,4,"â€¢ used in modern Greek as a symbol with a numeric value of 90, as in the dating of legal documentation"
170,3,105,4,"â€¢ used as a symbol with a numeric value of 900"
171,3,120,4,"â€¢ used as technical symbol"
172,3,121,4,"â€¢ used as technical symbol"
173,3,123,4,"â€¢ uppercase is 037F Í¿"
174,3,132,4,"â€¢ used with abbreviations containing 03C1 Ï"
175,5,44,5,"+ a point placed in a consonant in pointed writing in the Hebrew alphabet to denote that (1) it is pronounced as a stop rather than as a spirant or that (2) it is pronounced double"
176,5,87,5,"+ An apostrophe-like sign (also known colloquially as a chupchik) placed after a letter"
177,5,88,5,"+ double apostrophe"
178,5,44,5,"+ The Hebrew diacritic"
179,5,44,4,"â€¢ Dagesh, indicating a modification of the sound of a letter"
180,5,44,4,"â€¢ Mappiq, indicating that a letter is to be pronounced as a consonant"
181,5,44,4,"â€¢ Shuruk, a niqqud vowel sign representing the sound [u]"
182,5,87,4,"â€¢ as a diacritic that modifies the pronunciation of some letters (only in modern Hebrew),"
183,5,87,4,"â€¢ as a diacritic that signifies Yiddish origin of a word or suffix,"
184,5,87,4,"â€¢ as a punctuation mark to denote initialisms or abbreviations,"
185,5,87,4,"â€¢ or to denote a single-digit Hebrew numeral"
186,5,87,2,"â†’ A note of cantillation in the reading of the Torah and other Biblical books, taking the form of a curved diagonal stroke placed above a letter."
187,5,87,5,"+ Geresh (×³ in Hebrew: ×’Ö¶Ö¼×¨Ö¶×©×â€â€ or ×’ÖµÖ¼×¨Ö¶×©×â€â€ [ËˆÉ¡eÊeÊƒ], or medieval [ËˆÉ¡eËÉ¾eËÊƒ]) is a sign in Hebrew writing."
188,5,88,5,"+ Gershayim (Hebrew: ×’ÖµÖ¼×¨Ö°×©Ö·××™Ö´×â€, without niqqud ×’×¨×©×™×™×â€), also occasionally grashayim (×’Ö°Ö¼×¨Ö¸×©Ö·××™Ö´×â€), is two distinct typographical marks in the Hebrew language."
189,5,88,5,"+ The name literally means ""double geresh""."
190,5,31,5,"+ The Masoretic Text (MT or ğ•¸; Hebrew: × ×•×¡×— ×”××¡×•×¨×”, romanized:Â Nusakh Ham'mas'sora) is the authoritative Hebrew and Aramaic text of the 24Â books of the Hebrew Bible (Tanakh) in Rabbinic Judaism."
191,5,31,5,"+ It was primarily copied, edited and distributed by a group of Jews known as the Masoretes between the 7th and 10th centuries of the Common Era (CE). The oldest known complete copy, the Leningrad Codex, dates from the early 11th century CE."
192,5,31,5,"+ The Dead Sea Scrolls, dating to as early as the 3rd century BCE, contain versions of the text that are radically different from today's Hebrew Bible. "
193,5,31,5,"+ The Septuagint (a Koine Greek translation made in the 3rd and 2nd centuries BCE) and the Peshitta (a Syriac translation made in the 2nd century CE) occasionally present notable differences from the Masoretic Text, as does the Samaritan Pentateuch, the text of the Torah preserved by the Samaritans in Samaritan Hebrew. "
194,5,31,5,"+ Fragments of an ancient manuscript of the Book of Leviticus found near an ancient synagogue's Torah ark in Ein Gedi have identical wording to the Masoretic Text."
195,5,31,5,"+ The Masoretes began their work c. a.d. 500, and continued it almost to the time of the invention of printing."
196,5,81,5,"+ Shin (also spelled Å in (Å¡Ä«n) or Sheen) is the twenty-first letter of the Semitic abjads, including Phoenician Shin ğ¤”â€, Hebrew Shin ×©â€, Aramaic Shin ğ¡”â€, Syriac Shin Ü«, and Arabic Shin Ø´ (in abjadi order, 13th in modern order). "
197,5,81,5,"+ Its sound value is a voiceless sibilant, [Êƒ] or [s]."
198,5,81,5,"+ The Phoenician letter gave rise to the Greek Sigma (Î£) (which in turn gave Latin S and Cyrillic Ğ¡), and the letter Sha in the Glagolitic and Cyrillic scripts (, Ğ¨)."
199,5,81,5,"+ The South Arabian and Ethiopian letter Åšawt is also cognate."
200,5,46,5,"+ â€¦Synonyms used as coordinator: slash, cum"
201,5,46,5,"+ a symbol used to join words or to indicate a word has been split"
202,5,81,5,"+ 1.Two front teeth 2.sharp 3.press 4.eat 5.two 6.consume 7.destroy"
203,5,47,2,"â†’ In some siddurs (e.g. those printed by ArtScroll) a diacritical symbol, typographically the same as the rafe, but utterly unrelated, is used to mark instances of ""moving sheva"" (Shva Na)."
204,5,47,5,"+ In Hebrew orthography the rafe or raphe (Hebrew: ×¨Ö¸×¤Ö¶×”, pronounced [ÊaËˆfe], meaning ""(literary) weak, limp; (grammar) lax"") is a diacritic (âŸ¨ Ö¿â€ âŸ©), a subtle horizontal overbar placed above certain letters to indicate that they are to be pronounced as fricatives."
205,5,47,5,"+ It originated with the Tiberian Masoretes as part of the extended system of niqqud (vowel points), and has the opposite meaning of dagesh qal, showing that one of the letters ×‘×’×“×›×¤×ª is to be pronounced as a fricative and not as a plosive, or (sometimes) that a consonant is single and not double; or, as the opposite to a mappiq, to show that the letters ×” or × are silent (mater lectionis)."
206,5,47,5,"+ The rafe generally fell out of use for Hebrew with the coming of printing, although according to Gesenius (1813) at that time it could still be found in a few places in printed Hebrew Bibles, where the absence of a dagesh or a mappiq was noticeable. (e.g. Exodus 20:13,14,15; Deuteronomy 5:13,17,18,19; 2 Samuel 11:1; Isaiah 22:10; Jeremiah 20:17; Psalm 119:99; Zechariah 5:11)"
207,5,47,3,"â‰ˆ The rafe is similar in function to the buailte (dot above, denoting lenition) in the old-style Irish alphabet."
208,5,49,5,"+ ×©×Ö´×™×Ÿ, a voice less sibilant /Êƒ/"
209,5,50,5,"+ ×©×‚Ö´×™×Ÿ, a voice less sibilant /s/"
210,5,51,5,"+ The sof passuk (Hebrew: ×¡×•Ö¹×£ ×¤Ö¸Ö¼×¡×•Ö¼×§â€, end of verse, also spelled sof pasuq and other variant English spellings, and sometimes called ×¡×™×œ×•×§ silluq) is the cantillation mark that occurs on the last word of every verse, or passuk, in the Tanakh. Some short verses contain only members of the sof passuk group."
211,5,51,5,"+ The sof passuk can be preceded by the marks mercha, tipcha, and mercha in that order, including either all or some of these. However, these merchot and tipchot do not necessarily have the same melody as those in the etnachta group. Altogether, there are five possible arrangements how these can appear."
212,5,2,5,"+ Segol (Hebrew: ×¡Ö°×’×•Ö¹×œÖ’ Â  also known as Segolta, with variant English spellings), is a cantillation mark found in the Torah, Haftarah, and other books of the Hebrew Bible. "
213,5,2,5,"+ The Segol occurs together with a preceding Zarka, sometimes with a Munach preceding one or both."
214,5,2,5,"+ The Segol group is considered to be a disjunctive. It occurs in place of the Katan group or a Zakef gadol. It is the strongest disjunctive group ahead of the Etnachta group."
215,5,2,5,"+ The Hebrew word ×¡Ö°×’×•Ö¹×œÖ’ translates into English as bunch, referring to a bunch of grapes. This is reflected in its appearance as a three-dot symbol."
216,5,2,5,"+ The Israel people are called â€œam segulah,â€a chosen people. "
217,5,2,5,"+ The segolÂ represents the Sefirah of Chessed1â€”kindnessâ€”and is displayed as a triangle of three dots: right, left and center."
218,5,8,5,"+ Zarka or zarqa (Hebrew: ×–Ö·×¨Ö°×§Ö¸×Ö®, with variant English spellings) is a cantillation mark found in the Torah, Haftarah, and other books of the Hebrew Bible. It is usually found together with the Segol, with a Munach preceding either or both. The symbol for a Zarka is a 90 degrees rotated, inverted S. "
219,5,8,5,"+ The Hebrew word ×–Ö·×¨Ö°×§Ö¸×Ö®â€ translates as ""throwing"" and the melody is ascending in Moroccan and Sefardic tradition (with two or one retracements respectively) and descending in the Ashkenazic."
220,5,8,5,"+ Zarka is part of the Segol group. In this group, Zarka is the connector and Segol is the separator."
221,5,8,5,"+ Zarqa, written postpositive to the word, is a distinctive accent used in 21 books of the Bible. "
222,5,8,5,"+ The same accent, also postpositive and also distinctive, is called Tsinor in the other 3 books."
223,5,8,5,"+ Such postpositive accents are usually positioned above left of the last letter of the word, but sometimes one may find them also on top of the last letter, with no effect on semantics."
224,5,30,5,"+ Tsinnorit (Hebrew: ×¦Ö´× Ö¼×•Ö¹×¨Ö´×ªÖ˜) is a cantillation mark in the Hebrew Bible, found at the 3 poetic books, also known as the ××´××ª books (Job or ×Ö´×™×•Ö¹×‘ in Hebrew, Proverbs or ×Ö´×©Ö°×œÖµ×™, and Psalms or ×ªÖ°×”Ö´×œÖ´Ö¼×™×). "
225,5,30,5,"+ It looks like a 90-degrees rotated, inverted S, placed on top of a Hebrew consonant. "
226,35,30,5,"+ Tsinnorit is very similar in shape to Zarka (called tsinnor in the poetic books), but is used differently. It is always combined with a second mark to form a conjunctive symbol:"
227,35,30,5,"+ Tsinnorit combines with (merkha to form merkha metsunneret, a rare variant of merkha that serves mainly sof pasuq."
228,35,30,5,"+ Tsinnorit combines with mahapakh to form mehuppakh metsunnar, also a rare mark, variant of mahapakh that serves mainly azla legarmeh but appears also in the other contexts where mahapakh and illuy appear."
229,35,30,5,"+ This mark has been wrongly named by Unicode. Zarqa/tsinnor corresponds to Unicode ""Hebrew accent zinor"", code point U+05AE (where ""zinor"" is a misspelled form for tsinnor), while tsinnorit maps to ""Hebrew accent zarqa"", code point U+0598."
230,35,30,5,"+ tsinnor (Hebrew, pipe or shaft) mentioned in the Bible in the description of David's conquest of the city (II Samuel 5:8)"
231,35,30,5,"+ AV - gutter 1, waterspout 1; 2"
232,35,30,5,"+ 1) pipe, spout, conduit, water conduit"
233,35,30,5,"+ Tsinorit, written on top of a consonant in the beginning or the middle of the word, is a conjunctive accent in the 3 books."
234,35,30,5,"+ The names Tsinor and Tsinorit are both written with initial TSADI (U+05E6) and not with initial ZAYIN (U+05D6). Following the transcription for all other Hebrew names in Unicode, they should therefore be written with initial ""TS-"" instead of initial ""Z-""."
235,35,30,5,"+ Geminated consonants are never reflected in the transcription used for Unicode character names; therefore we write here consistently ""Tsinor"" and ""Tsinorit"" instead of the transcription ""Tsinnor(it)"" in the other chapters of this article."
236,5,9,5,"+ Pashta (Hebrew: ×¤Ö·Ö¼×©Ö°××˜Ö¸×Ö™â€) is a common cantillation mark found in the Torah, Haftarah, and other books of the Hebrew Bible. It is part of the Katan group. Its mark symbol is identical to that of the Kadma."
237,5,9,5,"While Kadma and Pashta use the same symbol, Pashta is distinct from Kadma in the placement of the symbol. Kadma is always placed on the accented syllable, while Pashta is placed on the last letter as well as on the accented syllable, if it's not the last."
238,5,9,5,"The Hebrew word ×¤Ö·Ö¼×©Ö°××˜Ö¸×Ö™â€ translates into English as stretching out."
239,5,24,5,"+ Kadma (Hebrew ×§Ö·×“Ö°×Ö¸Ö¨×, with variant English spellings) is a common cantillation mark found in the Torah, Haftarah, and other books of the Hebrew Bible. It can be found by itself preceding certain trope groups, or together with a Geresh, in which case, the pair is known as ""Kadma-V'Azla."""
240,5,24,5,"Kadma has the same symbol as the Pashta, though Kadma is distinct from Pashta in the placement of the symbol. In a Kadma, the symbol is always placed on the accented syllable, while Pashta is placed on the last letter and also on the accented syllable if the last syllable is not the accented one."
241,5,24,5,"The symbols for Kadma V'Azla are designed to resemble the fingers of an outstretched hand in a curved position."
242,5,24,5,"The Kadma-V'Azla pair occurs 1733 times in the Torah."
243,5,24,5,"The word Kadma is related to the Hebrew ×§×“××” (kedma), east. It is also related to the root ×§×“×, front. The combination of these words translates to going away."
244,5,16,5,"+ Telisha (Hebrew: ×ªÖ°Ö¼×œÖ´×™×©Ö¸×â€) is one of two cantillation marks found in the Torah, Haftarah, and other books of the Hebrew Bible. "
245,5,16,5,"+ There are two versions of the Telisha: Telisha ketana (×ªÖ¼Ö°Ö©×œÖ´×™×©Ö¸× ×§Ö°×˜Ö·× Ö¸Ö¼×”â€) and Telisha gedola (×ªÖ°Ö¼Ö ×œÖ´×™×©Ö¸× ×’Ö°Ö¼×“×•Ö¹×œÖ¸×”â€), the latter of which has a longer melody and higher peak. "
246,5,16,5,"+ The Telisha trope can occur independently or can follow a Pazer or one of several other trope sounds."
247,5,16,5,"+ The Hebrew word Â ×ªÖ°Ö¼×œÖ´×™×©Ö¸×â€ translates into English as detached. This is because they are never linked to the following note as a single phrase. "
248,5,16,5,"â€+ ×§Ö°×˜Ö·× Ö¸Ö¼×” refers to little (the shorter note) and ×’Ö°×“×•Ö¹×œÖ¸×”â€ to great (the longer note)."
249,5,16,5,"â€+ ×ªÖ°Ö¼×œÖ´×™×©Ö¸× refers to 1.pull out, 2.rip, 3.detached"
250,5,16,5,"â€+ ×’Ö°×“×•Ö¹×œÖ¸×” refers to greatness, importance, major, big, great."
251,5,16,5,"+ The Telisha gedola can be found in the Torah 266 times. The Telisha ketana occurs 451 times."
252,5,25,2,"â†’ 05A0 HEBREW ACCENT TELISHA GEDOLA ×ªÖ°Ö¼Ö ×œÖ´×™×©Ö¸× ×’Ö°Ö¼×“×•Ö¹×œÖ¸×”"
253,5,25,5,"+ The Telisha ketana must be followed by a Kadma."
254,5,25,5,"â€+ ×§Ö°×˜Ö·× Ö¸Ö¼×” refers to a)1.small, 2.little; b)1.young; c)1.minute, 2.insignificant, 3.inconsequential; d)1.diminutive"
255,5,48,5,"+ Hebrew punctuation is similar to that of English and other Western languages, Modern Hebrew having imported additional punctuation marks from these languages in order to avoid the ambiguities sometimes occasioned by the relative paucity of such symbols in Biblical Hebrew."
256,5,48,5,"+ â€×¤Ö¼Ö¸×¡Öµ×§ refers to a)1.to cease, 2.to stop; b)1.to desist"
257,5,10,5,"+ Yetiv (×™Ö°Öš×ªÖ´×™×‘) is a cantillation mark found in the Torah, Haftarah, and other books of the Hebrew Bible. "
258,5,10,5,"+ It is found in the Katon group in some occurrences in lieu of the more common Mahpach-Pashta clause, generally on one- or two-syllable words."
259,5,10,5,"+ The Yetiv uses the same < symbol as the Mahpach, but when it is present, the < comes at the beginning of the word, unlike in a Mahpach, it is placed under the letter of the first syllable that is stressed. "
260,5,10,5,"+ It is found to the right of the vowel. There is also no Pashta. "
261,5,10,5,"+ In print, the Yetiv will sometimes be distinguished from the Mahapach by being more acutely angled, but in the identical position."
262,5,10,5,"+ Yetiv occurs in the Torah 356 times."
263,5,10,5,"+ The Hebrew word ×™Ö°×ªÖ´×™×‘ translates into English as sitting."
264,5,13,5,"+ Hebrew cantillation is the manner of chanting ritual readings from the Hebrew Bible in synagogue services."
265,5,13,5,"+ The chants are written and notated in accordance with the special signs or marks printed in the Masoretic Text of the Bible, to complement the letters and vowel points. "
266,5,13,5,"+ These marks are known in English as 'accents' (diacritics), 'notes' or trope symbols, and in Hebrew as taÊ¿amei ha-mikra (×˜×¢××™ ×”××§×¨×) or just teÊ¿amim (×˜×¢××™×)."
267,5,13,5,"+ Some of these signs were also sometimes used in medieval manuscripts of the Mishnah."
268,5,13,5,"+ The musical motifs associated with the signs are known in Hebrew as niggun or neginot (not to be confused with Hasidic nigun) and in Yiddish as trop (×˜×¨×Ö¸×¤): the word trope is sometimes used in Jewish English with the same meaning."
269,5,13,5,"+ There are multiple traditions of cantillation. Within each tradition, there are multiple tropes, typically for different books of the Bible and often for different occasions. "
270,5,13,5,"+ For example, different chants may be used for Torah readings on Rosh Hashana and Yom Kippur than for the same text on a normal Shabbat."
271,5,13,5,"â€+Â ×Ö»×§Ö°×“Ö¼Ö¸×Â refers toÂ Â a)1.coefficient; b)1. advance, 2.premature; 2.origin, 3.early, 4. to welcome; c)1.sponsor; d)1.lobby for; e)1.promote"
272,5,45,5,"+ Meteg (or meseg or metheg, Hebrew: ×Ö¶×ªÖ¶Ö½×’â€, lit. 'bridle', also gaÊ¿ya ×’×¢×™×”â€, lit. 'bellowing', ×××¨×™×šâ€ maÊ¾arikh, or ××¢××™×“â€ maÊ¿amid) is a punctuation mark used in Biblical Hebrew for stress marking. "
273,5,45,5,"+ It is a vertical bar placed under the affected syllable."
274,5,27,5,"+ Ole (Hebrew: ×¢×•Ö¹×œÖ¶×”â€) a cantillation mark found in Psalms, Proverbs, and Job (the ××""×ª books). Ole is also sometimes used as a stress marker in texts without cantillation."
275,5,13,5,"â€+ ×¢×•Ö¹×œÖ¶×” refers to a)1.immigrant (to Israel); b)1.getting on, going up; c)1.offense, 2.wrongdoing, 3.cost, 4.burnt offering, 5.fire; d)1.increase, 2.rising, 3.exceeded, 4.outranked; e)1.coming up, 2.consistent, 3.is working, 4.mind, 5.loading, 6.shown, 7.apparent."
276,5,28,5,"+ The Illuy or Iluy (Hebrew: ×¢Ö´×œÖ¼×•Ö¼×™â€) is a Trope (from Yiddish ×˜×¨×Ö¸×¤Ö¼ ""trop"") in the Judaic Liturgy. "
277,5,13,5,"+ It is one of the cantillation marks used in the three poetic books: Job, the Book of Proverbs, and the Psalms. Accordingly, it is a special mark belonging to the Ta'amei Sifrei Emet (meaning, the accent signs of the books of truth)."
278,5,13,5,"â€+ ×¢Ö´×œÖ¼×•Ö¼×™ refers to a)1.genius; b)1.prodigy"
279,5,3,5,"+ The Shalshelet (Hebrew: ×©Ö·×œÖ°×©Ö¶×œÖ¶×ªâ€) is a cantillation mark found in the Torah. It is one of the rarest used, occurring just four times in the entire Torah, in Genesis 19:16, 24:12, and 39:8, and in Leviticus 8:23. The four words accented with the shalshelet mark all occur at the beginning of the verse."
280,5,3,5,"+ The Hebrew word ×©Ö·××œÖ°×©Ö¶×Ö“×œÖ¶×ª translates into English as chain. This shows the connection of the worlds by the links of a chain. The symbolism of the Shalshelet is that the subject of the story is wrestling with his inner demons and is undergoing some hesitation in his actions."
281,5,3,5,"+ It is rendered musically by a long and elaborate string of notes, giving a strong emphasis to the word on which it occurs."
282,5,3,5,"â€+ ×©Ö·×œÖ°×©Ö¶×œÖ¶×ª refers to a)1.(literary) heavy chain; b)1.development, 2.chain of events; c)1.(biology) spirochete"
283,5,20,5,"+ Mahpach (Hebrew ×Ö·×”Ö°×¤Ö·Ö¼Ö¤×š, with variant English spellings) is a common cantillation mark found in the Torah, Haftarah, and other books of the Hebrew Bible. It is part of the Katan group, and it frequently begins the group. The symbol for the Mahpach is <."
284,5,20,5,"+ Mahpach is always followed by a Pashta. This is because Mahpach is a conjunctive, showing a connection with the word that follows."
285,5,20,5,"+ When the Mahpach is found, the < is placed under the syllable that is most heavily stressed."
286,5,20,5,"+ The variant Yetiv trope uses the same < symbol as the Mahpach, but does not have a Pashta that follows."
287,5,20,5,"+ Mahpach is found in the Torah 3042 times."
288,5,20,5,"+ The Hebrew word ×Ö·×”Ö°×¤Ö·Ö¼Ö¤×š translates into English to reversal. "
289,5,20,5,"+ The original symbol looked more like a sideways U than a V (to represent going forward then turning back around), but this was changed because it was easier for printers to print, as modern keyboards have the < symbols."
290,5,21,5,"+ Mercha (Hebrew: ×Öµ×¨Ö°×›Ö¸Ö¥×â€, also spelled Merkha and other variant English spellings) is a cantillation mark commonly found in the Torah, Haftarah, and other books that are chanted."
291,5,21,5,"+ Mercha is found in several trope groups, though the melody varies from one use to the next."
292,5,21,5,"+ It is the beginning of the Etnachta group, can be found either once or twice preceding the Sof passuk, or can occasionally precede the Pashta in the Katon group or a Tevir."
293,5,21,5,"+ Mercha appears in the Torah 9117 timesâ€”the second most of any trope sounds. Only Tipcha occurs more often."
294,5,21,5,"+ The Hebrew word ×Öµ×¨Ö°×›Ö¸Ö¥× translates into English as comma."
295,5,21,5,"â€+ ×Öµ×¨Ö°×›Ö¸× refers to : quotation mark."
296,5,22,5,"+ Mercha kefula (×Öµ×¨Ö°×›Ö¸× ×›Ö¼Ö°×¤×•Ö¼×œÖ¸Ö¦×”, with variant English spellings) is a rare cantillation mark that occurs 5 times in the Torah (once in Genesis, once in Exodus, once in Leviticus, and twice in Numbers) and once in the Haftarah (for Behaalotecha and for the intermediate Shabbat for Chanukah, in the Book of Zechariah.)"
297,5,22,5,"+ The Hebrew words ×Öµ×¨Ö°×›Ö¸× ×›Ö¼Ö°×¤×•Ö¼×œÖ¸Ö¦×” translate into English as double mercha. This name is given since the mark that is used appears like two merchas."
298,5,22,5,"â€+ ×›Ö¼Ö°×¤×•Ö¼×œÖ¸×” refers to a)1.double, dual, twice; b)1.(mathematics) multiple"
299,5,6,5,"+ Tifcha (Hebrew: ×˜Ö´×¤Ö°×—Ö¸Ö–×, also spelled Tifkha, Tipcha and other variant English spellings) is a cantillation mark commonly found in the Torah, Haftarah, and other books that are chanted. "
300,5,6,5,"+ In Sephardic and Oriental traditions, it is called Tarcha, meaning ""dragging"" or ""effort""."
301,5,6,5,"+ The Tifcha is found in both the Etnachta group as the second member of that group, and in the Sof passuk group, though the melody varies slightly in each. While it is a weak sound, it is considered to be stronger than a Tevir"
302,5,6,5,"+ The Hebrew word ×˜Ö´×¤Ö°×—Ö¸Ö–× translates into English as diagonal. It is related to the word tefach (×˜×¤×—, measurement of the palm). "
303,5,6,5,"+ The tifcha does not have a separating value of its own, as it is in the middle of a set of words."
304,5,6,5,"+ Tifcha occurs in the Torah 11,285 times, more than any other trope sound. Tifcha is the only trope sound to appear more than 10,000 times in the Torah."
305,5,6,5,"+ The first word of the Torah ×‘×¨××©×™×ª (Bereshit) is on a Tifcha."
306,5,6,5,"â€+ ×˜Ö´×¤Ö°×—Ö¸Ö–× refers to ""hand-breadth""."
